dealer_name,filename2,filename,shape,Unnamed: 0,Unnamed: 1,Unnamed: 2,Unnamed: 3,Unnamed: 4,Unnamed: 5,Unnamed: 6,Unnamed: 7
apex,APEX.csv,APEX.xlsx,"(542, 8)",,APPLE IPHONE,,,,,,
apex,APEX.csv,APEX.xlsx,"(542, 8)",Product Code,Product Name,Quantity,Euro Price,Order,Total,,
apex,APEX.csv,APEX.xlsx,"(542, 8)",I-LCD 0702,Screen 7G (2016) White SERVICE PACK,100+,23,0,0,,
apex,APEX.csv,APEX.xlsx,"(542, 8)",I-LCD 1051,SCREEN XR (2018) Black SERVICE PACK,98,44,0,0,,
apex,APEX.csv,APEX.xlsx,"(542, 8)",I-LCD 1061,Screen XS (2018) Black SERVICE PACK,37,82,0,0,,
apex,APEX.csv,APEX.xlsx,"(542, 8)",I-LCD 1071,Screen XS MAX (2018) Black SERVICE PACK,76,102,0,0,,
apex,APEX.csv,APEX.xlsx,"(542, 8)",I-LCD 1111,Screen-11G PRO (2019) Black SERVICE PACK,100+,98,0,0,,
apex,APEX.csv,APEX.xlsx,"(542, 8)",I-LCD 1121,Screen-11G PRO MAX (2019) Black SERVICE PACK,64,139,0,0,,
apex,APEX.csv,APEX.xlsx,"(542, 8)",I-LCD 1201,SCREEN-12G / 12G PRO (2020) BLACK SERVICE PACK,100+,122,0,0,,
apex,APEX.csv,APEX.xlsx,"(542, 8)",I-LCD 1211,SCREEN-12G PRO / 12G (2020) BLACK SERVICE PACK,65,122,0,0,,
apex,APEX.csv,APEX.xlsx,"(542, 8)",I-LCD 1221,Screen-12G PRO MAX (2020) Black SERVICE PACK,21,228,0,0,,
apex,APEX.csv,APEX.xlsx,"(542, 8)",,SAMSUNG REMOCON & TV PARTS,,,,,,
apex,APEX.csv,APEX.xlsx,"(542, 8)",BN59-01298D,REMOCON-SMART CONTROL 2018 TV/LFD SAMSUNG,41,20,0,0,,NEW MODEL
apex,APEX.csv,APEX.xlsx,"(542, 8)",,SAMSUNG,,,,,,
apex,APEX.csv,APEX.xlsx,"(542, 8)",GH82-23392A/23561A,SM-A013 (A01 CORE 2020) BLACK LCD (With Frame),100+,20,0,0,,
apex,APEX.csv,APEX.xlsx,"(542, 8)",GH81-18209A,SM-A015f (A01 2020) BLACK LCD (With Frame) (SMALL CONNECTOR),100+,16,0,0,,
apex,APEX.csv,APEX.xlsx,"(542, 8)",GH82-25249A/25250A,SM-A022 (A02 2021) BLACK LCD (With Frame),100+,28.5,0,0,,
apex,APEX.csv,APEX.xlsx,"(542, 8)",GH81-20118A,SM-A025F/E025F (A02s/F02s 2020) BLACK LCD (With Frame) NON EU CODE,100+,31,0,0,,
apex,APEX.csv,APEX.xlsx,"(542, 8)",GH81-20181A,SM-A025G/M025 (A02s/M02s 2020) BLACK LCD (With Frame) EU CODE,100+,31,0,0,,
apex,APEX.csv,APEX.xlsx,"(542, 8)",GH81-21711A,SM-A032 (A03 Core 2022) BLACK LCD (With Frame),100+,26,0,0,,
apex,APEX.csv,APEX.xlsx,"(542, 8)",GH81-21625A,SM-A035F (A03 2022) BLACK LCD (With Frame) NON EU CODE,100+,36,0,0,,
apex,APEX.csv,APEX.xlsx,"(542, 8)",GH81-21626A,SM-A035G (A03 2022) BLACK LCD (With Frame) EU CODE,100+,32,0,0,,
apex,APEX.csv,APEX.xlsx,"(542, 8)",GH81-21232A,SM-A037F (A03s 2021) BLACK LCD (With Frame) NON EU CODE,100+,30,0,0,,
apex,APEX.csv,APEX.xlsx,"(542, 8)",GH83-06693A,SM-A037F (A03s 2021) LCD + speaker + charger (with frame) NON EU CODE,100+,17,0,0,,
apex,APEX.csv,APEX.xlsx,"(542, 8)",GH81-21233A,SM-A037G (A03s 2021) BLACK LCD (With Frame) EU CODE,100+,31,0,0,,
apex,APEX.csv,APEX.xlsx,"(542, 8)",GH81-22731A,SM-A045 (A04 2022) BLACK LCD (With Frame),100+,35,0,0,,
apex,APEX.csv,APEX.xlsx,"(542, 8)",GH82-29805A/29806A,SM-A047 (A04s 2022) BLACK LCD (With Frame),100+,31.5,0,0,,
apex,APEX.csv,APEX.xlsx,"(542, 8)",GH82-20227A/20322A,SM-A105 (A10 2019) BLACK LCD (With Frame) EU CODE,100+,34,0,0,,
apex,APEX.csv,APEX.xlsx,"(542, 8)",GH82-19367A/19515A M,SM-A105 (A10 2019) BLACK LCD (With Frame) NON EU CODE,100+,34,0,0,,
apex,APEX.csv,APEX.xlsx,"(542, 8)",GH81-17482A/20306A,SM-A107 (A10s 2019) BLACK LCD (With Frame),100+,34,0,0,,
apex,APEX.csv,APEX.xlsx,"(542, 8)",GH81-18760A,SM-A115 (A11 2020) BLACK LCD (With Frame),100+,32,0,0,,
apex,APEX.csv,APEX.xlsx,"(542, 8)",GH82-24491A/24490A,SM-A125 (A12 2020) BLACK LCD (With Frame),100+,32,0,0,,
apex,APEX.csv,APEX.xlsx,"(542, 8)",GH82-26485A/26486A,SM-A127 (A12 2021) BLACK LCD (With Frame),100+,33,0,0,,
apex,APEX.csv,APEX.xlsx,"(542, 8)",GH82-28508A/28653A,SM-A135 (A13 4G 2022) LCD (With Frame),100+,34,0,0,,
apex,APEX.csv,APEX.xlsx,"(542, 8)",GH82-29077A/29078A,SM-A136 (A13 5G 2022) BLACK LCD (With Frame),100+,31,0,0,,
apex,APEX.csv,APEX.xlsx,"(542, 8)",GH82-29227A/29228A,SM-A137 (A13 2022) LCD (With Frame),100+,40,0,0,,
apex,APEX.csv,APEX.xlsx,"(542, 8)",GH82-19571A/19572A/21250A,SM-A205/M107 (A20/M10s 19) BLACK LCD (With Frame),100+,36,0,0,,
apex,APEX.csv,APEX.xlsx,"(542, 8)",GH81-17774A,SM-A207 (A20s 2019) BLACK LCD (With Frame),100+,35,0,0,,
apex,APEX.csv,APEX.xlsx,"(542, 8)",GH82-23089A/22988A/24641A/24642A/23137A,SM-A217 (A21s 2020) BLACK LCD (With Frame),100+,38,0,0,,
apex,APEX.csv,APEX.xlsx,"(542, 8)",GH82-25944A/26047A,SM-A225 (A22 4G 2021) BLACK LCD (With Frame),100+,37,0,0,,
apex,APEX.csv,APEX.xlsx,"(542, 8)",GH81-20694A,SM-A226 (A22 5G 2021) BLACK LCD (With Frame),100+,36,0,0,,
apex,APEX.csv,APEX.xlsx,"(542, 8)",GH82-28563A/28657A,SM-A235 (A23 4G 2022) BLACK LCD (With Frame),100+,39,0,0,,
apex,APEX.csv,APEX.xlsx,"(542, 8)",GH82-29734A/29735A,SM-A236 (A23 5G 2022) BLACK LCD (With Frame),100+,36,0,0,,
apex,APEX.csv,APEX.xlsx,"(542, 8)",GH82-19202A/19725A,SM-A305 (A30 2019) BLACK LCD (With Frame),100+,54,0,0,,
apex,APEX.csv,APEX.xlsx,"(542, 8)",GH82-21190A/21329A/21385A/21189A,SM-A307 (A30s 2019) BLACK LCD (With Frame),100+,51,0,0,,
apex,APEX.csv,APEX.xlsx,"(542, 8)",GH97-18249B/19803B,SM-A310 (A3 2016) BLACK/GOLD/ROSE LCD,39,36,0,0,,
apex,APEX.csv,APEX.xlsx,"(542, 8)",GH97-18249A,SM-A310 (A3 2016) WHITE LCD,100+,36,0,0,,
apex,APEX.csv,APEX.xlsx,"(542, 8)",GH82-22905A/22761A/24455A/24406A,SM-A315 (A31 2020) BLACK LCD,100+,47,0,0,,
apex,APEX.csv,APEX.xlsx,"(542, 8)",GH97-19732A/19753A,SM-A320 (A3 2017) BLACK LCD,100+,33,0,0,,
apex,APEX.csv,APEX.xlsx,"(542, 8)",GH97-19732C/19753C,SM-A320 (A3 2017) BLUE LCD,28,38,0,0,,
apex,APEX.csv,APEX.xlsx,"(542, 8)",GH82-25579A/25566A,SM-A325 (A32 4G 2021) BLACK LCD,100+,66,0,0,,
apex,APEX.csv,APEX.xlsx,"(542, 8)",GH82-25121A/25122A,SM-A326B (A32 5G 2021) BLACK (with frame) LCD,100+,30,0,0,,
apex,APEX.csv,APEX.xlsx,"(542, 8)",GH82-28143A/28144A,SM-A336 (A33 5G 2022) BLACK LCD,100+,53,0,0,,
apex,APEX.csv,APEX.xlsx,"(542, 8)",GH82-28143C/28144C,SM-A336 (A33 5G 2022) BLUE LCD,100+,52,0,0,,
apex,APEX.csv,APEX.xlsx,"(542, 8)",GH82-28143D/28144D,SM-A336 (A33 5G 2022) GOLD/PEACH LCD,100+,52,0,0,,
apex,APEX.csv,APEX.xlsx,"(542, 8)",GH82-28143B/28144B,SM-A336 (A33 5G 2022) WHITE LCD,100+,52,0,0,,
apex,APEX.csv,APEX.xlsx,"(542, 8)",GH82-19672A/19674A,SM-A405 (A40 2019) BLACK LCD,100+,58,0,0,,
apex,APEX.csv,APEX.xlsx,"(542, 8)",GH82-24376A/24375A,SM-A426/M426 (A42/M42 5G 2020) BLACK LCD,100+,40,0,0,,
apex,APEX.csv,APEX.xlsx,"(542, 8)",GH82-19204A/19714A/19289A/19713A,SM-A505 (A50 2019) BLACK LCD,100+,58,0,0,,
apex,APEX.csv,APEX.xlsx,"(542, 8)",GH97-18250B,SM-A510 (A5 2016) BLACK/GOLD/ROSE LCD,100+,42,0,0,,
apex,APEX.csv,APEX.xlsx,"(542, 8)",GH82-21680A/21669A/22084A/22083A,SM-A515 (A51 2020) BLACK LCD,100+,70,0,0,,
apex,APEX.csv,APEX.xlsx,"(542, 8)",GH82-23124A/23100A,SM-A516 (A51 5G 2020) BLACK LCD,100+,61,0,0,,
apex,APEX.csv,APEX.xlsx,"(542, 8)",GH97-19733A/20135A,SM-A520 (A5 2017) BLACK LCD,100+,42,0,0,,
apex,APEX.csv,APEX.xlsx,"(542, 8)",GH97-19733B/20135B,SM-A520 (A5 2017) GOLD LCD,100+,32,0,0,,
apex,APEX.csv,APEX.xlsx,"(542, 8)",GH97-19733D/20135D,SM-A520 (A5 2017) PINK LCD,100+,29,0,0,,
apex,APEX.csv,APEX.xlsx,"(542, 8)",GH82-25524A/25526A/25754A/25602A,SM-A525/A526 (A52 4G/5G 2021) BLACK LCD,100+,66,0,0,,
apex,APEX.csv,APEX.xlsx,"(542, 8)",GH82-25524B/25526B/25754B/25602B,SM-A525/A526 (A52 4G/5G 2021) BLUE LCD,100+,57,0,0,,
apex,APEX.csv,APEX.xlsx,"(542, 8)",GH82-25524C/25526C/25754C/25602C,SM-A525/A526 (A52 4G/5G 2021) VIOLET LCD,100+,60,0,0,,
apex,APEX.csv,APEX.xlsx,"(542, 8)",GH82-25524D/25526D/25754D/25602D,SM-A525/A526 (A52 4G/5G 2021) WHITE LCD,100+,55,0,0,,
apex,APEX.csv,APEX.xlsx,"(542, 8)",GH82-26861A/26863A/26909A/26910A,SM-A528 (A52s 5G 2021) BLACK LCD,100+,70,0,0,,
apex,APEX.csv,APEX.xlsx,"(542, 8)",GH82-26861E/26863E/26909E/26910E,SM-A528 (A52s 5G 2021) GREEN/Awesome Mint LCD,100+,60,0,0,,
apex,APEX.csv,APEX.xlsx,"(542, 8)",GH82-26861C/26863C/26909C/26910C,SM-A528 (A52s 5G 2021) VIOLET LCD,100+,60,0,0,,
apex,APEX.csv,APEX.xlsx,"(542, 8)",GH82-26861D/26863D/26909D/26910D,SM-A528 (A52s 5G 2021) WHITE LCD,100+,57,0,0,,
apex,APEX.csv,APEX.xlsx,"(542, 8)",GH97-21406A/21529A,SM-A530 (A8 2018) BLACK LCD,100+,55,0,0,,
apex,APEX.csv,APEX.xlsx,"(542, 8)",GH82-28024A/28025A,SM-A536 (A53 5G 2022) BLACK LCD,100+,65,0,0,,
apex,APEX.csv,APEX.xlsx,"(542, 8)",GH82-28024C/28025C,SM-A536 (A53 5G 2022) BLUE LCD,100+,63,0,0,,
apex,APEX.csv,APEX.xlsx,"(542, 8)",GH82-28024D/28025D,SM-A536 (A53 5G 2022) GOLD/PEACH LCD,100+,63,0,0,,
apex,APEX.csv,APEX.xlsx,"(542, 8)",GH82-28024B/28025B,SM-A536 (A53 5G 2022) WHITE LCD,100+,63,0,0,,
apex,APEX.csv,APEX.xlsx,"(542, 8)",GH97-21897A/21898A,SM-A600 (A6 2018) BLACK LCD,100+,39,0,0,,
apex,APEX.csv,APEX.xlsx,"(542, 8)",GH97-21878A/21907A,SM-A605 (A6+ 2018) BLACK LCD,100+,51,0,0,,
apex,APEX.csv,APEX.xlsx,"(542, 8)",GH82-19747A/19787A,SM-A705 (A70 2019) BLACK LCD,100+,64,0,0,,
apex,APEX.csv,APEX.xlsx,"(542, 8)",GH82-22152A/22248A,SM-A715 (A71 2020) BLACK LCD,100+,62,0,0,,
apex,APEX.csv,APEX.xlsx,"(542, 8)",GH82-22804A,SM-A716 (A71 5G 2020) BLACK LCD,100+,74,0,0,,
apex,APEX.csv,APEX.xlsx,"(542, 8)",GH82-22804C,SM-A716 (A71 5G 2020) BLUE LCD,6,87,0,0,,
apex,APEX.csv,APEX.xlsx,"(542, 8)",GH82-22804B,SM-A716 (A71 5G 2020) SILVER LCD,8,87,0,0,,
apex,APEX.csv,APEX.xlsx,"(542, 8)",GH97-19723A/19811A,SM-A720 (A7 2017) BLACK LCD,100+,46,0,0,,
apex,APEX.csv,APEX.xlsx,"(542, 8)",GH97-19723B/19811B,SM-A720 (A7 2017) GOLD LCD,100+,40,0,0,,
apex,APEX.csv,APEX.xlsx,"(542, 8)",GH82-25624A/25463A/25460A/25849A,SM-A725/A726 (A72 4G/5G 2021) BLACK LCD,100+,65,0,0,,
apex,APEX.csv,APEX.xlsx,"(542, 8)",GH82-25624B/25463B/25460B/25849B,SM-A725/A726 (A72 4G/5G 2021) BLUE LCD,100+,53,0,0,,
apex,APEX.csv,APEX.xlsx,"(542, 8)",GH82-25541B/25542B,SM-A725/A726 (A72 4G/5G 2021) BLUE LCD + BTRY,72,52,0,0,,
apex,APEX.csv,APEX.xlsx,"(542, 8)",GH82-25624C/25463C/25460C/25849C,SM-A725/A726 (A72 4G/5G 2021) VIOLET LCD,100+,53,0,0,,
apex,APEX.csv,APEX.xlsx,"(542, 8)",GH82-25541C/25542C,SM-A725/A726 (A72 4G/5G 2021) VIOLET LCD + BTRY,100+,52,0,0,,
apex,APEX.csv,APEX.xlsx,"(542, 8)",GH82-25624D/25463D/25460D/25849D,SM-A725/A726 (A72 4G/5G 2021) WHITE LCD,100+,53,0,0,,
apex,APEX.csv,APEX.xlsx,"(542, 8)",GH82-28884A/28686A,SM-A736 (A73 5G 2022) BLACK LCD,100+,85,0,0,,
apex,APEX.csv,APEX.xlsx,"(542, 8)",GH82-28884C/28686C,SM-A736 (A73 5G 2022) MINT/GREEN LCD,93,77,0,0,,
apex,APEX.csv,APEX.xlsx,"(542, 8)",GH82-28884B/28686B,SM-A736 (A73 5G 2022) WHITE LCD,99,81,0,0,,
apex,APEX.csv,APEX.xlsx,"(542, 8)",GH96-12078A,SM-A750 (A7 2018) BLACK LCD,100+,41,0,0,,
apex,APEX.csv,APEX.xlsx,"(542, 8)",GH82-20348A/20390A/20368A,SM-A805 (A80 2019) BLACK LCD,100+,88,0,0,,
apex,APEX.csv,APEX.xlsx,"(542, 8)",GH82-20348C/20390C/20368C,SM-A805 (A80 2019) GOLD LCD,100+,85,0,0,,
apex,APEX.csv,APEX.xlsx,"(542, 8)",GH82-21092A/21530A/21606A,SM-A908(A90 5G 2019) BLACK LCD,100+,95,0,0,,
apex,APEX.csv,APEX.xlsx,"(542, 8)",GH82-18308A/18322A,SM-A920 (A9 2018) BLACK LCD,18,71,0,0,,
apex,APEX.csv,APEX.xlsx,"(542, 8)",GH82-27243A/27244A,SM-F711 (Z Flip 3 5G 2021) BLACK (NO CAMERA) INNER LCD,27,290,0,0,,
apex,APEX.csv,APEX.xlsx,"(542, 8)",GH97-26773A,SM-F711 (Z Flip-3 5G 2021) BLACK OUTER LCD,100+,42,0,0,,
apex,APEX.csv,APEX.xlsx,"(542, 8)",GH97-26773B,SM-F711 (Z Flip-3 5G 2021) BROWN OUTER LCD,36,40,0,0,,
apex,APEX.csv,APEX.xlsx,"(542, 8)",GH97-26773G,SM-F711 (Z Flip-3 5G 2021) GRAY OUTER LCD,19,40,0,0,,
apex,APEX.csv,APEX.xlsx,"(542, 8)",GH97-26773C,SM-F711 (Z Flip-3 5G 2021) GREEN OUTER LCD,18,40,0,0,,
apex,APEX.csv,APEX.xlsx,"(542, 8)",GH97-26773D,SM-F711 (Z Flip-3 5G 2021) LAVENDER OUTER LCD,46,39,0,0,,
apex,APEX.csv,APEX.xlsx,"(542, 8)",GH97-26773J,SM-F711 (Z Flip-3 5G 2021) PINK OUTER LCD,76,37,0,0,,
apex,APEX.csv,APEX.xlsx,"(542, 8)",GH97-26773F,SM-F711 (Z Flip-3 5G 2021) WHITE OUTER LCD,69,37,0,0,,
apex,APEX.csv,APEX.xlsx,"(542, 8)",GH82-29440D/29441D/30238D,SM-F721 (Z Flip 4 5G 2022) BLUE INNER LCD,32,265,0,0,,
apex,APEX.csv,APEX.xlsx,"(542, 8)",GH97-27947D,SM-F721 (Z Flip-4 5G 2022) BLUE OUTER LCD,10,45,0,0,,
apex,APEX.csv,APEX.xlsx,"(542, 8)",GH97-27947B,SM-F721 (Z Flip-4 5G 2022) VIOLET/ PURPLE OUTER LCD,2,45,0,0,,
apex,APEX.csv,APEX.xlsx,"(542, 8)",GH97-27947F,SM-F721 (Z Flip-4 5G 2022) WHITE/SILVER OUTER LCD,2,43,0,0,,
apex,APEX.csv,APEX.xlsx,"(542, 8)",GH82-23968A/23969A,SM-F916 (Z Fold 2 5G 2020) BLACK INNER (BLACK HINGE) LCD,72,355,0,0,,
apex,APEX.csv,APEX.xlsx,"(542, 8)",GH82-23943A/24024A,SM-F916 (Z Fold 2-5G 2020) BLACK OUTER LCD,100+,90,0,0,,
apex,APEX.csv,APEX.xlsx,"(542, 8)",GH82-26283B/26284B,SM-F926 (Z Fold 3 5G 2020) GREEN INNER LCD,10,400,0,0,,
apex,APEX.csv,APEX.xlsx,"(542, 8)",GH82-26283C/26284C,SM-F926 (Z Fold 3 5G 2020) SILVER INNER LCD,33,400,0,0,,
apex,APEX.csv,APEX.xlsx,"(542, 8)",GH82-26238A,SM-F926 (Z Fold 3-5G 2020) BLACK OUTER LCD,100+,110,0,0,,
apex,APEX.csv,APEX.xlsx,"(542, 8)",GH82-29461C/29462C/29463C,SM-F936 (Z Fold 4 5G 2022) BEIGE INNER LCD,90,425,0,0,,
apex,APEX.csv,APEX.xlsx,"(542, 8)",GH82-29461A/29462A/29463A,SM-F936 (Z Fold 4 5G 2022) BLACK INNER LCD,100+,425,0,0,,
apex,APEX.csv,APEX.xlsx,"(542, 8)",GH82-29461B/29462B,SM-F936 (Z Fold 4 5G 2022) GREEN INNER LCD,77,420,0,0,,
apex,APEX.csv,APEX.xlsx,"(542, 8)",GH82-29461D/29462D,SM-F936 (Z Fold 4 5G 2022) PURPLE INNER LCD,3,425,0,0,,
apex,APEX.csv,APEX.xlsx,"(542, 8)",GH96-15279A,SM-F936 (Z Fold-4 5G 2022) BLACK OUTER LCD,100+,79,0,0,,
apex,APEX.csv,APEX.xlsx,"(542, 8)",GH96-14254A,SM-G525F (Xcover 5 2021) BLACK LCD,100+,26,0,0,,
apex,APEX.csv,APEX.xlsx,"(542, 8)",GH82-22040A/22377A EU,SM-G715 (Xcover Pro 2020) BLACK LCD EU,100+,44,0,0,,
apex,APEX.csv,APEX.xlsx,"(542, 8)",GH82-29187A/29188A,SM-G736 (Xcover 6 Pro 2022) BLACK LCD,100+,36,0,0,,
apex,APEX.csv,APEX.xlsx,"(542, 8)",GH82-21672A/22044A/22045A/21992A,SM-G770 (S10 Lite 2020) PRISM BLACK LCD,100+,99,0,0,,
apex,APEX.csv,APEX.xlsx,"(542, 8)",GH82-21672C/22044C/22045C/21992C,SM-G770 (S10 Lite 2020) PRISM BLUE LCD,67,95,0,0,,
apex,APEX.csv,APEX.xlsx,"(542, 8)",GH82-21672B/22044B/22045B/21992B,SM-G770 (S10 Lite 2020) PRISM SILVER/WHITE LCD,47,93,0,0,,
apex,APEX.csv,APEX.xlsx,"(542, 8)",GH96-13911B,SM-G780/G781 (S20 FE 4G/5G 2020) (NO FRAME) LCD,100+,59,0,0,,
apex,APEX.csv,APEX.xlsx,"(542, 8)",GH82-24220C/24219C,SM-G780/G781 (S20 FE 4G/5G 2020) Cloud Lavender LCD,100+,73,0,0,,
apex,APEX.csv,APEX.xlsx,"(542, 8)",GH82-24220D/24219D,SM-G780/G781 (S20 FE 4G/5G 2020) Cloud Mint Green LCD,100+,73,0,0,,
apex,APEX.csv,APEX.xlsx,"(542, 8)",GH82-24220F/24219F,SM-G780/G781 (S20 FE 4G/5G 2020) Cloud Orange LCD,100+,66,0,0,,
apex,APEX.csv,APEX.xlsx,"(542, 8)",GH82-24220E/24219E,SM-G780/G781 (S20 FE 4G/5G 2020) Cloud Red LCD,100+,66,0,0,,
apex,APEX.csv,APEX.xlsx,"(542, 8)",GH82-24220B/24219B,SM-G780/G781 (S20 FE 4G/5G 2020) Cloud White LCD,100+,72,0,0,,
apex,APEX.csv,APEX.xlsx,"(542, 8)",GH82-24214C/24215C/29056C,SM-G781/G780 (S20 FE 5G/4G 2020) Cloud Lavender LCD + Antenna,100+,74,0,0,,
apex,APEX.csv,APEX.xlsx,"(542, 8)",GH82-24214D/24215D/29056D,SM-G781/G780 (S20 FE 5G/4G 2020) Cloud Mint Green LCD + Antenna,100+,74,0,0,,
apex,APEX.csv,APEX.xlsx,"(542, 8)",GH82-24214F/24215F/29056F,SM-G781/G780 (S20 FE 5G/4G 2020) Cloud Orange LCD + Antenna,100+,66,0,0,,
apex,APEX.csv,APEX.xlsx,"(542, 8)",GH82-24214E/24215E/29056E,SM-G781/G780 (S20 FE 5G/4G 2020) Cloud Red LCD + Antenna,100+,66,0,0,,
apex,APEX.csv,APEX.xlsx,"(542, 8)",GH82-24214B/24215B/29056B,SM-G781/G780 (S20 FE 5G/4G 2020) Cloud White LCD + Antenna,100+,73,0,0,,
apex,APEX.csv,APEX.xlsx,"(542, 8)",GH97-15959B/15734B,SM-G900 (S5 2014) BLACK LCD,14,34,0,0,,
apex,APEX.csv,APEX.xlsx,"(542, 8)",GH97-15959D/15734D,SM-G900 (S5 2014) GOLD LCD,12,34,0,0,,
apex,APEX.csv,APEX.xlsx,"(542, 8)",GH97-15959A/15734A,SM-G900 (S5 2014) WHITE LCD,100+,33,0,0,,
apex,APEX.csv,APEX.xlsx,"(542, 8)",GH97-17260A,SM-G920 (S6 2015) BLACK LCD,100+,53,0,0,3-5 Days,NEW MODEL
apex,APEX.csv,APEX.xlsx,"(542, 8)",GH97-17260D,SM-G920 (S6 2015) BLUE LIGHT LCD,7,44,0,0,,
apex,APEX.csv,APEX.xlsx,"(542, 8)",GH97-17260C,SM-G920 (S6 2015) GOLD LCD,100+,47,0,0,,
apex,APEX.csv,APEX.xlsx,"(542, 8)",GH97-17260B,SM-G920 (S6 2015) WHITE LCD,78,43,0,0,,
apex,APEX.csv,APEX.xlsx,"(542, 8)",GH97-17162A/17317A/17334A,SM-G925 (S6 EDGE 2015) BLACK LCD,56,50,0,0,,
apex,APEX.csv,APEX.xlsx,"(542, 8)",GH97-17162C/17317C/17334C,SM-G925 (S6 EDGE 2015) GOLD LCD,100+,35,0,0,,
apex,APEX.csv,APEX.xlsx,"(542, 8)",GH97-17162B/17317B/17334B,SM-G925 (S6 EDGE 2015) WHITE LCD,100+,35,0,0,,
apex,APEX.csv,APEX.xlsx,"(542, 8)",GH97-18523A/18757A/18761A,SM-G930 (S7 2016) BLACK LCD,100+,51,0,0,,
apex,APEX.csv,APEX.xlsx,"(542, 8)",GH97-18523C/18757C/18761C,SM-G930 (S7 2016) GOLD LCD,100+,51,0,0,,
apex,APEX.csv,APEX.xlsx,"(542, 8)",GH97-18523B/18757B/18761B,SM-G930 (S7 2016) SILVER LCD,100+,44,0,0,,
apex,APEX.csv,APEX.xlsx,"(542, 8)",GH82-13359A,SM-G935 (S7 EDGE 2016) BLACK LCD + BTRY,100+,90,0,0,,
apex,APEX.csv,APEX.xlsx,"(542, 8)",GH97-18533B/18594B/18767B,SM-G935 (S7 EDGE 2016) SILVER LCD,100+,85,0,0,,
apex,APEX.csv,APEX.xlsx,"(542, 8)",GH97-20457A/20458A/20473A/20629A,SM-G950 (S8 2017) BLACK LCD,100+,102,0,0,,
apex,APEX.csv,APEX.xlsx,"(542, 8)",GH97-20457D/20458D/20473D/20629D,SM-G950 (S8 2017) BLUE LCD,100+,95,0,0,,
apex,APEX.csv,APEX.xlsx,"(542, 8)",GH97-20457F/20458F/20473F/20629F,SM-G950 (S8 2017) GOLD LCD,63,102,0,0,,
apex,APEX.csv,APEX.xlsx,"(542, 8)",GH97-20457B/20458B/20473B/20629B,SM-G950 (S8 2017) SILVER LCD,100+,115,0,0,,
apex,APEX.csv,APEX.xlsx,"(542, 8)",GH97-20457B + BTRY,SM-G950 (S8 2017) SILVER LCD + BTRY,1,115,0,0,,
apex,APEX.csv,APEX.xlsx,"(542, 8)",GH97-20457C/20458C/20473C/20629C,SM-G950 (S8 2017) VIOLET/ORCHID GRAY LCD,100+,101,0,0,,
apex,APEX.csv,APEX.xlsx,"(542, 8)",GH97-20470A/20564A/20565A,SM-G955 (S8 Plus 2017) BLACK LCD,100+,122,0,0,,
apex,APEX.csv,APEX.xlsx,"(542, 8)",GH97-20470D/20564D/20565D,SM-G955 (S8 Plus 2017) BLUE LCD,100+,115,0,0,,
apex,APEX.csv,APEX.xlsx,"(542, 8)",GH97-20470F/20564F/20565F,SM-G955 (S8 Plus 2017) GOLD LCD,100+,115,0,0,,
apex,APEX.csv,APEX.xlsx,"(542, 8)",GH97-20470B/20564B/20565B,SM-G955 (S8 Plus 2017) SILVER LCD,100+,122,0,0,,
apex,APEX.csv,APEX.xlsx,"(542, 8)",GH97-20470B + BTRY,SM-G955 (S8 Plus 2017) SILVER LCD + BTRY,36,120,0,0,,
apex,APEX.csv,APEX.xlsx,"(542, 8)",GH97-20470C/20564C/20565C,SM-G955 (S8 Plus 2017) VIOLET LCD,100+,112,0,0,,
apex,APEX.csv,APEX.xlsx,"(542, 8)",GH97-21696A/21697A/21724A,SM-G960 (S9 2018) BLACK LCD,100+,100,0,0,,
apex,APEX.csv,APEX.xlsx,"(542, 8)",GH97-21696D/21697D,SM-G960 (S9 2018) BLUE CORAL LCD,100+,76,0,0,,
apex,APEX.csv,APEX.xlsx,"(542, 8)",GH97-21696G/21697G,SM-G960 (S9 2018) BLUE POLARIS LCD,72,83,0,0,,
apex,APEX.csv,APEX.xlsx,"(542, 8)",GH97-21696E/21697E,SM-G960 (S9 2018) GOLD LCD,100+,76,0,0,,
apex,APEX.csv,APEX.xlsx,"(542, 8)",GH97-21696B/21697B,SM-G960 (S9 2018) PURPLE LCD,100+,80,0,0,,
apex,APEX.csv,APEX.xlsx,"(542, 8)",GH97-21696C/21697C,SM-G960 (S9 2018) TITANIUM GRAY LCD,64,90,0,0,,
apex,APEX.csv,APEX.xlsx,"(542, 8)",GH97-21691D/21692D,SM-G965 (S9 Plus 2018) BLUE CORAL LCD,86,131,0,0,,
apex,APEX.csv,APEX.xlsx,"(542, 8)",GH97-21691B/21692B,SM-G965 (S9 Plus 2018) PURPLE LCD,68,133,0,0,,
apex,APEX.csv,APEX.xlsx,"(542, 8)",GH82-18852G/18836G,SM-G970 (S10e 2019) CANARY YELLOW LCD,100+,69,0,0,,
apex,APEX.csv,APEX.xlsx,"(542, 8)",GH82-18852D/18836D (BTRY),SM-G970 (S10e 2019) FLAMINGO PINK/ROSE LCD + BTRY,50,60,0,0,3-5 Days,NEW MODEL
apex,APEX.csv,APEX.xlsx,"(542, 8)",GH82-18852A/18836A,SM-G970 (S10e 2019) PRISM BLACK LCD,100+,106,0,0,,
apex,APEX.csv,APEX.xlsx,"(542, 8)",GH82-18852C/18836C,SM-G970 (S10e 2019) PRISM BLUE LCD,3,105,0,0,,
apex,APEX.csv,APEX.xlsx,"(542, 8)",GH82-18843C,SM-G970 (S10e 2019) PRISM BLUE LCD + BTRY,100+,60,0,0,,
apex,APEX.csv,APEX.xlsx,"(542, 8)",GH82-18852F/18836F (BTRY),SM-G970 (S10e 2019) PRISM SILVER LCD + BTRY,99,60,0,0,,
apex,APEX.csv,APEX.xlsx,"(542, 8)",GH82-18852B/18836B,SM-G970 (S10e 2019) PRISM WHITE LCD,71,102,0,0,,
apex,APEX.csv,APEX.xlsx,"(542, 8)",GH82-18843B,SM-G970 (S10e 2019) PRISM WHITE LCD + BTRY,100+,70,0,0,,
apex,APEX.csv,APEX.xlsx,"(542, 8)",GH96-12255A,SM-G973 (S10 2019) (NO FRAME) LCD,97,115,0,0,,
apex,APEX.csv,APEX.xlsx,"(542, 8)",GH82-18850A/18835A/18860A,SM-G973 (S10 2019) PRISM BLACK LCD,100+,133,0,0,,
apex,APEX.csv,APEX.xlsx,"(542, 8)",GH82-18850C/18835C,SM-G973 (S10 2019) PRISM BLUE LCD,100+,116,0,0,,
apex,APEX.csv,APEX.xlsx,"(542, 8)",GH82-18850E/18835E,SM-G973 (S10 2019) PRISM GREEN LCD,100+,133,0,0,,
apex,APEX.csv,APEX.xlsx,"(542, 8)",GH82-18850G/18835G,SM-G973 (S10 2019) PRISM SILVER/WHITE LCD,100+,133,0,0,,
apex,APEX.csv,APEX.xlsx,"(542, 8)",GH82-18850B/18835B,SM-G973 (S10 2019) PRISM WHITE/SILVER LCD,100+,130,0,0,,
apex,APEX.csv,APEX.xlsx,"(542, 8)",GH82-18849H/18834H,SM-G975 (S10 Plus 2019) CARDINAL RED LCD,100+,123,0,0,,
apex,APEX.csv,APEX.xlsx,"(542, 8)",GH82-18849J/18834J,SM-G975 (S10 Plus 2019) CERAMIC WHITE LCD,100+,141,0,0,,
apex,APEX.csv,APEX.xlsx,"(542, 8)",GH82-18849A/18834A/18857A,SM-G975 (S10 Plus 2019) PRISM BLACK LCD,100+,145,0,0,,
apex,APEX.csv,APEX.xlsx,"(542, 8)",GH82-18849C/18834C,SM-G975 (S10 Plus 2019) PRISM BLUE LCD,100+,130,0,0,,
apex,APEX.csv,APEX.xlsx,"(542, 8)",GH82-18849E/18834E/18857E,SM-G975 (S10 Plus 2019) PRISM GREEN LCD,100+,128,0,0,,
apex,APEX.csv,APEX.xlsx,"(542, 8)",GH82-18849B/18834B,SM-G975 (S10 Plus 2019) PRISM WHITE/SILVER LCD,100+,145,0,0,,
apex,APEX.csv,APEX.xlsx,"(542, 8)",GH82-20442B,SM-G977 (S10 5G 2019) BLACK LCD,100+,158,0,0,,
apex,APEX.csv,APEX.xlsx,"(542, 8)",GH82-20442A,SM-G977 (S10 5G 2019) SILVER LCD,100+,155,0,0,,
apex,APEX.csv,APEX.xlsx,"(542, 8)",GH82-22131D/22123D,SM-G980/G981 (S20 4G/5G 2020) BLUE LCD,100+,153,0,0,,
apex,APEX.csv,APEX.xlsx,"(542, 8)",GH82-22131A/22123A,SM-G980/G981 (S20 4G/5G 2020) GRAY LCD,100+,164,0,0,,
apex,APEX.csv,APEX.xlsx,"(542, 8)",GH82-22131C/22123C,SM-G980/G981 (S20 4G/5G 2020) PINK LCD,100+,160,0,0,,
apex,APEX.csv,APEX.xlsx,"(542, 8)",GH82-22131B/22123B,SM-G980/G981 (S20 4G/5G 2020) WHITE LCD,97,165,0,0,,
apex,APEX.csv,APEX.xlsx,"(542, 8)",GH96-13030A,SM-G985/G986 (S20 Plus 4G/5G 2020) (NO FRAME) LCD,100+,140,0,0,,
apex,APEX.csv,APEX.xlsx,"(542, 8)",GH82-22134A/22145A,SM-G985/G986 (S20 plus 4G/5G 2020) BLACK LCD,100+,166,0,0,,
apex,APEX.csv,APEX.xlsx,"(542, 8)",GH82-22134D/22145D,SM-G985/G986 (S20 plus 4G/5G 2020) BLUE CLOUD LCD,100+,162,0,0,,
apex,APEX.csv,APEX.xlsx,"(542, 8)",GH82-22134E/22145E,SM-G985/G986 (S20 plus 4G/5G 2020) GRAY LCD,100+,163,0,0,,
apex,APEX.csv,APEX.xlsx,"(542, 8)",GH82-22134B/22145B,SM-G985/G986 (S20 plus 4G/5G 2020) WHITE LCD,100+,162,0,0,,
apex,APEX.csv,APEX.xlsx,"(542, 8)",GH82-22134K/22145K,SM-G985/G986 (S20 plus 4G/5G BTS EDITION 2020) PURPLE LCD,82,154,0,0,,
apex,APEX.csv,APEX.xlsx,"(542, 8)",GH96-13053A,SM-G988 (S20 ULTRA 2020) (NO FRAME) LCD,63,140,0,0,,
apex,APEX.csv,APEX.xlsx,"(542, 8)",GH82-26032A/26033A,SM-G988 (S20 ULTRA 2020) BLACK LCD (NO CAMERA),100+,165,0,0,,
apex,APEX.csv,APEX.xlsx,"(542, 8)",GH82-26032B/26033B,SM-G988 (S20 ULTRA 2020) GRAY LCD (NO CAMERA),100+,155,0,0,,
apex,APEX.csv,APEX.xlsx,"(542, 8)",GH82-26032C/26033C,SM-G988 (S20 ULTRA 2020) WHITE LCD (NO CAMERA),86,170,0,0,,
apex,APEX.csv,APEX.xlsx,"(542, 8)",GH82-26414A/26420A/26590A,SM-G990 (S21 FE 2021) GRAY LCD,100+,88,0,0,,
apex,APEX.csv,APEX.xlsx,"(542, 8)",GH82-26414C/26420C/26590C,SM-G990 (S21 FE 2021) GREEN LCD,100+,88,0,0,,
apex,APEX.csv,APEX.xlsx,"(542, 8)",GH82-26414D/26420D/26590D,SM-G990 (S21 FE 2021) VIOLET LCD,100+,87,0,0,,
apex,APEX.csv,APEX.xlsx,"(542, 8)",GH82-26414B/26420B/26590B,SM-G990 (S21 FE 2021) WHITE LCD,100+,88,0,0,,
apex,APEX.csv,APEX.xlsx,"(542, 8)",GH82-27255A/27256A,SM-G991 (S21 5G 2021) Phantom GRAY LCD (NO CAMERA),100+,118,0,0,,
apex,APEX.csv,APEX.xlsx,"(542, 8)",GH82-24544A/24545A,SM-G991 (S21 5G 2021) Phantom GRAY LCD (WITH CAMERA),100+,120,0,0,,
apex,APEX.csv,APEX.xlsx,"(542, 8)",GH82-27255D/27256D,SM-G991 (S21 5G 2021) Phantom PINK LCD (NO CAMERA),100+,112,0,0,,
apex,APEX.csv,APEX.xlsx,"(542, 8)",GH82-24544D/24545D,SM-G991 (S21 5G 2021) Phantom PINK LCD (WITH CAMERA),12,112,0,0,,
apex,APEX.csv,APEX.xlsx,"(542, 8)",GH82-27255B/27256B,SM-G991 (S21 5G 2021) Phantom VIOLET LCD (NO CAMERA),17,113,0,0,,
apex,APEX.csv,APEX.xlsx,"(542, 8)",GH82-24544B/24545B,SM-G991 (S21 5G 2021) Phantom VIOLET LCD (WITH CAMERA),100+,112,0,0,,
apex,APEX.csv,APEX.xlsx,"(542, 8)",GH82-24544C/24545C,SM-G991 (S21 5G 2021) Phantom WHITE LCD (WITH CAMERA),95,115,0,0,,
apex,APEX.csv,APEX.xlsx,"(542, 8)",GH82-27268A/27267A/27272A,SM-G996 (S21+ 5G 2021) Phantom BLACK LCD (NO CAMERA),100+,114,0,0,,
apex,APEX.csv,APEX.xlsx,"(542, 8)",GH82-24554A/24553A,SM-G996 (S21+ 5G 2021) Phantom BLACK LCD (WITH CAMERA),100+,115,0,0,,
apex,APEX.csv,APEX.xlsx,"(542, 8)",GH82-27268C/27267C/27272C,SM-G996 (S21+ 5G 2021) Phantom SILVER LCD (NO CAMERA),100+,112,0,0,,
apex,APEX.csv,APEX.xlsx,"(542, 8)",GH82-24554C/24553C,SM-G996 (S21+ 5G 2021) Phantom SILVER LCD (WITH CAMERA),100+,110,0,0,,
apex,APEX.csv,APEX.xlsx,"(542, 8)",GH82-27268B/27267B/27272B,SM-G996 (S21+ 5G 2021) Phantom VIOLET LCD (NO CAMERA),100+,112,0,0,,
apex,APEX.csv,APEX.xlsx,"(542, 8)",GH82-24554B/24553B,SM-G996 (S21+ 5G 2021) Phantom VIOLET LCD (WITH CAMERA),60,110,0,0,,
apex,APEX.csv,APEX.xlsx,"(542, 8)",GH82-26035A/26036A/26039A,SM-G998 (S21 Ultra 5G 2021) Phantom BLACK LCD (NO CAMERA),100+,205,0,0,,
apex,APEX.csv,APEX.xlsx,"(542, 8)",GH82-26035B/26036B/26039B,SM-G998 (S21 Ultra 5G 2021) Phantom SILVER LCD (NO CAMERA),100+,170,0,0,,
apex,APEX.csv,APEX.xlsx,"(542, 8)",GH97-18224B/19005B/18728B,SM-J120 (J1 2016) GOLD LCD,19,29,0,0,,
apex,APEX.csv,APEX.xlsx,"(542, 8)",GH97-17940B,SM-J200 (J2 2015) GOLD LCD,6,21,0,0,,
apex,APEX.csv,APEX.xlsx,"(542, 8)",GH97-17940A,SM-J200 (J2 2015) WHITE LCD,5,21,0,0,,
apex,APEX.csv,APEX.xlsx,"(542, 8)",GH97-21338A/21339A/21812A,SM-J250 (J2 PRO 2018) BLACK LCD,24,41,0,0,,
apex,APEX.csv,APEX.xlsx,"(542, 8)",GH97-18414C/18748C,SM-J320 (J3 2016) BLACK LCD,100+,17,0,0,,
apex,APEX.csv,APEX.xlsx,"(542, 8)",GH97-18414B/18748B,SM-J320 (J3 2016) GOLD LCD,100+,16,0,0,,
apex,APEX.csv,APEX.xlsx,"(542, 8)",GH97-18414A/18748A,SM-J320 (J3 2016) WHITE LCD,100+,15,0,0,,
apex,APEX.csv,APEX.xlsx,"(542, 8)",GH96- 10969A,SM-J330 (J3-2017) BLACK EU LCD,100+,30,0,0,,
apex,APEX.csv,APEX.xlsx,"(542, 8)",GH96- 10990A,SM-J330 (J3-2017) GOLD EU LCD,100+,29,0,0,,
apex,APEX.csv,APEX.xlsx,"(542, 8)",GH96- 10992A,SM-J330 (J3-2017) SILVER/BLUE EU LCD,100+,28,0,0,,
apex,APEX.csv,APEX.xlsx,"(542, 8)",GH97-17667B,SM-J500 (J5 2015) BLACK LCD,100+,17,0,0,,
apex,APEX.csv,APEX.xlsx,"(542, 8)",GH97-17667C,SM-J500 (J5 2015) GOLD LCD,100+,17,0,0,,
apex,APEX.csv,APEX.xlsx,"(542, 8)",GH97-17667A,SM-J500 (J5 2015) WHITE LCD,100+,17,0,0,,
apex,APEX.csv,APEX.xlsx,"(542, 8)",GH97-18792B/18962B/19466B/19467B,SM-J510 (J5 2016) BLACK LCD,100+,27,0,0,,
apex,APEX.csv,APEX.xlsx,"(542, 8)",GH97-18792A/18962A/19466A/19467A,SM-J510 (J5 2016) GOLD LCD,100+,27,0,0,,
apex,APEX.csv,APEX.xlsx,"(542, 8)",GH97-18792C/18962C/19466C/19467C,SM-J510 (J5 2016) WHITE LCD,100+,26,0,0,,
apex,APEX.csv,APEX.xlsx,"(542, 8)",GH97-20738A/20880A,SM-J530 (J5 Pro 2017) BLACK LCD ,100+,41,0,0,,
apex,APEX.csv,APEX.xlsx,"(542, 8)",GH97-20738C/20880C,SM-J530 (J5 Pro 2017) GOLD LCD,100+,41,0,0,,
apex,APEX.csv,APEX.xlsx,"(542, 8)",GH97-20738D/20880D,SM-J530 (J5 Pro 2017) PINK LCD,88,40,0,0,,
apex,APEX.csv,APEX.xlsx,"(542, 8)",GH97-20738B/20880B,SM-J530 (J5 Pro 2017) SILVER/BLUE LCD,100+,41,0,0,,
apex,APEX.csv,APEX.xlsx,"(542, 8)",GH97-21931A/22048A,SM-J600 (J6 2018) BLACK LCD,100+,42,0,0,,
apex,APEX.csv,APEX.xlsx,"(542, 8)",GH97-22582A/22583A/22698A,"SM-J610/J415/J410 (J6+,J4+ 2018) BLACK EU LCD",100+,34,0,0,,
apex,APEX.csv,APEX.xlsx,"(542, 8)",GH97-20736A/20801A,SM-J730 (J7 Pro 2017) BLACK LCD,100+,40,0,0,,
apex,APEX.csv,APEX.xlsx,"(542, 8)",GH97-20736C/20801C,SM-J730 (J7 Pro 2017) GOLD LCD,100+,40,0,0,,
apex,APEX.csv,APEX.xlsx,"(542, 8)",GH97-20736B/20801B,SM-J730 (J7 Pro 2017) SILVER/BLUE LCD,100+,40,0,0,,
apex,APEX.csv,APEX.xlsx,"(542, 8)",GH97-22145A/22149A,SM-J810 (J8 2018) BLACK LCD,69,39,0,0,,
apex,APEX.csv,APEX.xlsx,"(542, 8)",GH81-18736A,SM-M115 (M11 2020) BLACK (with frame) LCD,100+,29,0,0,,
apex,APEX.csv,APEX.xlsx,"(542, 8)",GH82-25042A/25043A,SM-M127 (M12 2021) BLACK (with frame) LCD,100+,30,0,0,,
apex,APEX.csv,APEX.xlsx,"(542, 8)",GH82-29132A/29133A,SM-M135 (M13 4G 2022) (With Frame) LCD,100+,36,0,0,,
apex,APEX.csv,APEX.xlsx,"(542, 8)",GH82-18682A/18724A/18743A,SM-M205 (M20 2019) BLACK (with frame) LCD,100+,33,0,0,,
apex,APEX.csv,APEX.xlsx,"(542, 8)",GH82-22509A/22836A,SM-M215/M307 (M21/M30s 2020) BLACK LCD + Microphone,100+,52,0,0,,
apex,APEX.csv,APEX.xlsx,"(542, 8)",GH82-26153A/26866A,SM-M225/E225 (M22/F22 2021) BLACK LCD,100+,43,0,0,,
apex,APEX.csv,APEX.xlsx,"(542, 8)",GH82-28487A/28488A,SM-M236 (M23 5G 2022) BLACK (With Frame) LCD,100+,27,0,0,,
apex,APEX.csv,APEX.xlsx,"(542, 8)",GH82-21266A/21265A,SM-M307 / M215 (M30s/M21 2019) BLACK LCD,100+,52,0,0,,
apex,APEX.csv,APEX.xlsx,"(542, 8)",GH82-22631A/22405A,SM-M315/M217/F415 (M31 / M21s / F41 2020) BLACK LCD,100+,49,0,0,,
apex,APEX.csv,APEX.xlsx,"(542, 8)",GH81-13736A/23774A/24114A,SM-M317 (M31S 2020) BLACK LCD,1,62,0,0,,
apex,APEX.csv,APEX.xlsx,"(542, 8)",GH82-26193A/25981A,SM-M325 (M32 2021) BLACK LCD,55,53,0,0,,
apex,APEX.csv,APEX.xlsx,"(542, 8)",GH82-28492A/28669A,SM-M336 (M33 5G 2022) BLACK (With Frame) LCD,100+,28,0,0,,
apex,APEX.csv,APEX.xlsx,"(542, 8)",GH82-24168A/23568A/24167A/24166A,SM-M515 (M51 2020) BLACK (with frame) LCD,100+,58,0,0,,
apex,APEX.csv,APEX.xlsx,"(542, 8)",GH82-27091A/27094A,SM-M526 (M52s 5G 2021) BLACK LCD,100+,62,0,0,,
apex,APEX.csv,APEX.xlsx,"(542, 8)",GH82-28812A/28895A,SM-M536 (M53 5G 2022) BLACK LCD,100+,68,0,0,,
apex,APEX.csv,APEX.xlsx,"(542, 8)",GH82-22055A/22193A/22194A/22192A,SM-N770 (NOTE 10 Lite 2020) AURA BLACK LCD,100+,106,0,0,,
apex,APEX.csv,APEX.xlsx,"(542, 8)",GH82-22055B/22193B/22194B/22192B,SM-N770 (NOTE 10 Lite 2020) AURA GLOW/SILVER LCD,100+,100,0,0,,
apex,APEX.csv,APEX.xlsx,"(542, 8)",GH82-22055C/22193C/22194C/22192C,SM-N770 (NOTE 10 Lite 2020) AURA RED LCD,100+,100,0,0,,
apex,APEX.csv,APEX.xlsx,"(542, 8)",GH97-17755B,SM-N920 (NOTE5 2015) BLACK LCD,19,52,0,0,,
apex,APEX.csv,APEX.xlsx,"(542, 8)",GH97-21065A/21066A/21108A,SM-N950 (NOTE8 2017) BLACK LCD,96,152,0,0,,
apex,APEX.csv,APEX.xlsx,"(542, 8)",GH97-21065D/21066D,SM-N950 (NOTE8 2017) GOLD LCD,100+,136,0,0,,
apex,APEX.csv,APEX.xlsx,"(542, 8)",GH97-21065C/21066C,SM-N950 (NOTE8 2017) VIOLET/GRAY LCD,100+,117,0,0,,
apex,APEX.csv,APEX.xlsx,"(542, 8)",GH97-22269A/22270A/GH82-23737A,SM-N960 (NOTE9 2018) BLACK LCD,100+,165,0,0,,
apex,APEX.csv,APEX.xlsx,"(542, 8)",GH97-22269B/22270B/GH82-23737B,SM-N960 (NOTE9 2018) BLUE LCD,100+,160,0,0,,
apex,APEX.csv,APEX.xlsx,"(542, 8)",GH97-22269D/22270D/GH82-23737D,SM-N960 (NOTE9 2018) GOLD/METALLIC COPPER LCD,42,153,0,0,,
apex,APEX.csv,APEX.xlsx,"(542, 8)",GH97-22269E/22270E/GH82-23737E,SM-N960 (NOTE9 2018) LAVENDER PURPLE LCD,98,137,0,0,,
apex,APEX.csv,APEX.xlsx,"(542, 8)",GH96-12727A,SM-N970F (NOTE10 2019) (NO FRAME) LCD,15,128,0,0,,
apex,APEX.csv,APEX.xlsx,"(542, 8)",GH82-20817A/20818A,SM-N970F (NOTE10 2019) AURA BLACK LCD,100+,165,0,0,,
apex,APEX.csv,APEX.xlsx,"(542, 8)",GH82-20817C/20818C,SM-N970F (NOTE10 2019) AURA GLOW/SILVER LCD,100+,152,0,0,,
apex,APEX.csv,APEX.xlsx,"(542, 8)",GH82-20817B/20818B,SM-N970F (NOTE10 2019) AURA WHITE LCD,10,157,0,0,,
apex,APEX.csv,APEX.xlsx,"(542, 8)",GH82-20842B,SM-N970F (NOTE10 2019) AURA WHITE LCD + BTRY,100+,143,0,0,,
apex,APEX.csv,APEX.xlsx,"(542, 8)",GH82-20900A/20838A,SM-N975F/N976 (NOTE10 PLUS 2019) AURA BLACK LCD,100+,200,0,0,,
apex,APEX.csv,APEX.xlsx,"(542, 8)",GH82-20900D/20838D,SM-N975F/N976 (NOTE10 PLUS 2019) AURA BLUE LCD,100+,196,0,0,,
apex,APEX.csv,APEX.xlsx,"(542, 8)",GH82-20900C/20838C,SM-N975F/N976 (NOTE10 PLUS 2019) AURA GLOW/SILVER LCD,100+,195,0,0,,
apex,APEX.csv,APEX.xlsx,"(542, 8)",GH82-20900B/20838B,SM-N975F/N976 (NOTE10 PLUS 2019) AURA WHITE LCD,100+,195,0,0,,
apex,APEX.csv,APEX.xlsx,"(542, 8)",GH82-21620A/21621A,SM-N975F/N976 (NOTE10 PLUS 2019) RED / BLACK (STAR WARS) LCD,32,196,0,0,,
apex,APEX.csv,APEX.xlsx,"(542, 8)",GH82-23495B/23733B,SM-N980/N981 (NOTE20 2020) BRONZE LCD,100+,115,0,0,,
apex,APEX.csv,APEX.xlsx,"(542, 8)",GH82-23495C/23733C,SM-N980/N981 (NOTE20 2020) GREEN LCD,66,120,0,0,,
apex,APEX.csv,APEX.xlsx,"(542, 8)",GH82-23511A/23622A/23621A,SM-N985/N986 (NOTE20 Ultra 4G/5G 2020) BLACK LCD,100+,214,0,0,,
apex,APEX.csv,APEX.xlsx,"(542, 8)",GH82-23511D/23622D/23621D,SM-N985/N986 (NOTE20 Ultra 4G/5G 2020) BRONZE LCD,100+,207,0,0,,
apex,APEX.csv,APEX.xlsx,"(542, 8)",GH82-23511C/23622C/23621C,SM-N985/N986 (NOTE20 Ultra 4G/5G 2020) WHITE LCD,100+,190,0,0,,
apex,APEX.csv,APEX.xlsx,"(542, 8)",GH82-23596A/23597A/23599A,SM-N986/N985 (NOTE20 Ultra 5G/4G 2020) BLACK LCD,100+,215,0,0,,
apex,APEX.csv,APEX.xlsx,"(542, 8)",GH82-23596D/23597D/23599D,SM-N986/N985 (NOTE20 Ultra 5G/4G 2020) BRONZE LCD,100+,210,0,0,,
apex,APEX.csv,APEX.xlsx,"(542, 8)",GH82-23596C/23597C/23599C,SM-N986/N985 (NOTE20 Ultra 5G/4G 2020) WHITE LCD,100+,192,0,0,,
apex,APEX.csv,APEX.xlsx,"(542, 8)",GH97-19001A/19201A,SM-R360 (GEAR FIT2 SMALL) GRAY LCD,100+,4,0,0,,
apex,APEX.csv,APEX.xlsx,"(542, 8)",GH82-27520A/27521A,SM-S901 (S22 2022) BLACK LCD,100+,117,0,0,,
apex,APEX.csv,APEX.xlsx,"(542, 8)",GH82-27520E/27521E,SM-S901 (S22 2022) GRAPHITE GRAY LCD,100+,103,0,0,,
apex,APEX.csv,APEX.xlsx,"(542, 8)",GH82-27520C/27521C,SM-S901 (S22 2022) GREEN LCD,100+,112,0,0,,
apex,APEX.csv,APEX.xlsx,"(542, 8)",GH82-27520D/27521D,SM-S901 (S22 2022) PINK GOLD LCD,100+,112,0,0,,
apex,APEX.csv,APEX.xlsx,"(542, 8)",GH82-27520F/27521F,SM-S901 (S22 2022) VIOLET LCD,100+,103,0,0,,
apex,APEX.csv,APEX.xlsx,"(542, 8)",GH82-27520B/27521B,SM-S901 (S22 2022) WHITE / CREAM / SKY BLUE LCD,100+,110,0,0,,
apex,APEX.csv,APEX.xlsx,"(542, 8)",GH96-14785A,SM-S906 (S22 Plus 2022) (NO FRAME) LCD,70,95,0,0,,
apex,APEX.csv,APEX.xlsx,"(542, 8)",GH82-27500A/27501A,SM-S906 (S22 Plus 2022) BLACK LCD,100+,117,0,0,,
apex,APEX.csv,APEX.xlsx,"(542, 8)",GH82-27500E/27501E,SM-S906 (S22 Plus 2022) GRAPHITE GRAY LCD,100+,110,0,0,,
apex,APEX.csv,APEX.xlsx,"(542, 8)",GH82-27500C/27501C,SM-S906 (S22 Plus 2022) GREEN LCD,100+,115,0,0,,
apex,APEX.csv,APEX.xlsx,"(542, 8)",GH82-27500D/27501D,SM-S906 (S22 Plus 2022) PINK GOLD LCD,100+,115,0,0,,
apex,APEX.csv,APEX.xlsx,"(542, 8)",GH82-27500F/27501F,SM-S906 (S22 Plus 2022) VIOLET LCD,100+,115,0,0,,
apex,APEX.csv,APEX.xlsx,"(542, 8)",GH82-27500B/27501B,SM-S906 (S22 Plus 2022) WHITE / CREAM / SKY BLUE LCD,100+,115,0,0,,
apex,APEX.csv,APEX.xlsx,"(542, 8)",,XIAOMI,100+,2,,,,
apex,APEX.csv,APEX.xlsx,"(542, 8)",5600030K9D00,Xiaomi 11 Lite 5G NE / 11T Lite (2021) BLACK LCD,100+,88,0,0,,
apex,APEX.csv,APEX.xlsx,"(542, 8)",5600050K9D00,Xiaomi 11 Lite 5G NE / 11T Lite (2021) BLUE LCD,100+,88,0,0,,
apex,APEX.csv,APEX.xlsx,"(542, 8)",56000Q0K9D00,Xiaomi 11 Lite 5G NE / 11T Lite (2021) GREEN LCD,66,88,0,0,,
apex,APEX.csv,APEX.xlsx,"(542, 8)",5600060K9D00,Xiaomi 11 Lite 5G NE / 11T Lite (2021) PINK LCD,56,88,0,0,,
apex,APEX.csv,APEX.xlsx,"(542, 8)",5600040K9D00,Xiaomi 11 Lite 5G NE / 11T Lite (2021) SILVER/WHITE LCD,100+,88,0,0,,
apex,APEX.csv,APEX.xlsx,"(542, 8)",560003K11R00,Xiaomi 11T 5G (2021) SILVER LCD,76,73,0,0,,
apex,APEX.csv,APEX.xlsx,"(542, 8)",560004K11R00,Xiaomi 11T 5G (2021) TARNISH LCD,100+,73,0,0,,
apex,APEX.csv,APEX.xlsx,"(542, 8)",5600030K3S00/56000E0K3S00,Xiaomi 11T Pro (2021) BLACK LCD,100+,70,0,0,,
apex,APEX.csv,APEX.xlsx,"(542, 8)",5600040K3S00/56000D0K3S00,Xiaomi 11T Pro (2021) SILVER LCD,100+,73,0,0,,
apex,APEX.csv,APEX.xlsx,"(542, 8)",56000300L300,Xiaomi 12 (2022) BLACK LCD,100+,103,0,0,,
apex,APEX.csv,APEX.xlsx,"(542, 8)",56000400L300,Xiaomi 12 (2022) BLUE LCD,70,103,0,0,,
apex,APEX.csv,APEX.xlsx,"(542, 8)",56000500L300,Xiaomi 12 (2022) PURPLE LCD,37,103,0,0,,
apex,APEX.csv,APEX.xlsx,"(542, 8)",56000300L900,Xiaomi 12 Lite 5G (2022) BLACK LCD,16,75,0,0,,
apex,APEX.csv,APEX.xlsx,"(542, 8)",56000300L200,Xiaomi 12 Pro (2022) DARK TARNISH LCD,100+,186,0,0,,
apex,APEX.csv,APEX.xlsx,"(542, 8)",56000500L200,Xiaomi 12 Pro (2022) GOLD LCD,19,186,0,0,,
apex,APEX.csv,APEX.xlsx,"(542, 8)",56000400L200,Xiaomi 12 Pro (2022) VIOLET LCD,40,186,0,0,,
apex,APEX.csv,APEX.xlsx,"(542, 8)",5600030L3A00,Xiaomi 12X 5G (2022) BLACK LCD,100+,87,0,0,,
apex,APEX.csv,APEX.xlsx,"(542, 8)",5600040L3A00,Xiaomi 12X 5G (2022) BLUE LCD,100+,87,0,0,,
apex,APEX.csv,APEX.xlsx,"(542, 8)",5600050L3A00,Xiaomi 12X 5G (2022) PURPLE LCD,76,87,0,0,,
apex,APEX.csv,APEX.xlsx,"(542, 8)",56000300J900,Xiaomi Mi 10 lite 5G (2020) BLUE/GREEN LCD,91,60,0,0,,
apex,APEX.csv,APEX.xlsx,"(542, 8)",56000400J900,Xiaomi Mi 10 lite 5G (2020) GRAY/ TARNISH LCD,100+,59,0,0,,
apex,APEX.csv,APEX.xlsx,"(542, 8)",56000500J900,Xiaomi Mi 10 lite 5G (2020) WHITE LCD,62,60,0,0,,
apex,APEX.csv,APEX.xlsx,"(542, 8)",56000400J100,Xiaomi Mi 10 Pro 5G (S J1 2020) GRAY LCD,62,125,0,0,,
apex,APEX.csv,APEX.xlsx,"(542, 8)",56000500J100,Xiaomi Mi 10 Pro 5G (S J1 2020) WHITE LCD,1,125,0,0,,
apex,APEX.csv,APEX.xlsx,"(542, 8)",5600030J3S00,Xiaomi Mi 10T / Mi 10T Pro 5G (2020) BLACK LCD,100+,63,0,0,,
apex,APEX.csv,APEX.xlsx,"(542, 8)",5600040J3S00,Xiaomi Mi 10T / Mi 10T Pro 5G (2020) SILVER LCD,47,65,0,0,,
apex,APEX.csv,APEX.xlsx,"(542, 8)",5600040J1700,Xiaomi Mi 10T lite 5G (2020) PEARL GRAY/TARNISH LCD,98,52,0,0,,
apex,APEX.csv,APEX.xlsx,"(542, 8)",56000500K200,Xiaomi Mi 11 5G (2021) BLUE LCD,100+,174,0,0,,
apex,APEX.csv,APEX.xlsx,"(542, 8)",56000800K200,Xiaomi Mi 11 5G (2021) MIDNIGHT GRAY/TARNISH LCD,100+,177,0,0,,
apex,APEX.csv,APEX.xlsx,"(542, 8)",56000600K200,Xiaomi Mi 11 5G (2021) PURPLE LCD,100+,174,0,0,,
apex,APEX.csv,APEX.xlsx,"(542, 8)",56000700K200,Xiaomi Mi 11 5G (2021) SILVER LCD,100+,179,0,0,,
apex,APEX.csv,APEX.xlsx,"(542, 8)",5600030K9A00/56000B0K9A00,Xiaomi Mi 11 Lite 4G (2021) BLACK LCD,100+,60,0,0,,
apex,APEX.csv,APEX.xlsx,"(542, 8)",5600040K9A00/56000C0K9A00,Xiaomi Mi 11 Lite 4G (2021) BLUE LCD,100+,60,0,0,,
apex,APEX.csv,APEX.xlsx,"(542, 8)",56000200K900/56000K00K900,Xiaomi Mi 11 lite 5G (2020) BLACK LCD,100+,61,0,0,,
apex,APEX.csv,APEX.xlsx,"(542, 8)",5600030K1100,Xiaomi Mi 11X Pro/Mi 11i (2021) BLACK LCD,100+,66,0,0,,
apex,APEX.csv,APEX.xlsx,"(542, 8)",5600040K1100,Xiaomi Mi 11X Pro/Mi 11i (2021) BLUE LCD,100+,66,0,0,,
apex,APEX.csv,APEX.xlsx,"(542, 8)",5600050K1100,Xiaomi Mi 11X Pro/Mi 11i (2021) WHITE LCD,66,66,0,0,,
apex,APEX.csv,APEX.xlsx,"(542, 8)",5606100400B6,Xiaomi Mi 8 (2018) BLACK LCD,100+,52,0,0,3-5 Days,NEW MODEL
apex,APEX.csv,APEX.xlsx,"(542, 8)",5606100980B6,Xiaomi Mi 9 (2019) BLACK LCD,100+,71,0,0,3-5 Days,NEW MODEL
apex,APEX.csv,APEX.xlsx,"(542, 8)",561210003033,Xiaomi Mi 9 (2019) VIOLET LCD,6,71,0,0,,
apex,APEX.csv,APEX.xlsx,"(542, 8)",561010033033/5600040F3B00,Xiaomi Mi 9 Lite (2019) BLUE LCD,100+,46,0,0,,
apex,APEX.csv,APEX.xlsx,"(542, 8)",560610118033/5600030F3B00,Xiaomi Mi 9 Lite (2019) TARNISH LCD,100+,46,0,0,,
apex,APEX.csv,APEX.xlsx,"(542, 8)",560910015033,Xiaomi Mi 9 Lite (2019) WHITE LCD,100+,42,0,0,,
apex,APEX.csv,APEX.xlsx,"(542, 8)",5600030F1X00,Xiaomi Mi 9 Pro 5G (2019) BLACK LCD,100+,72,0,0,3-5 Days,NEW MODEL
apex,APEX.csv,APEX.xlsx,"(542, 8)",5600020F1X00,Xiaomi Mi 9 Pro 5G (2019) SILVER LCD,99,72,0,0,3-5 Days,NEW MODEL
apex,APEX.csv,APEX.xlsx,"(542, 8)",5606101010B6,Xiaomi Mi 9 SE (2019) BLACK LCD,72,63,0,0,,
apex,APEX.csv,APEX.xlsx,"(542, 8)",5610100210B6,Xiaomi Mi 9 SE (2019) BLUE LCD,35,59,0,0,,
apex,APEX.csv,APEX.xlsx,"(542, 8)",5612100040B6,Xiaomi Mi 9 SE (2019) PURPLE LCD,30,56,0,0,,
apex,APEX.csv,APEX.xlsx,"(542, 8)",560910014033,Xiaomi Mi 9T / 9T Pro (2019) DARK RED GRADIENT LCD,100+,74,0,0,3-5 Days,NEW MODEL
apex,APEX.csv,APEX.xlsx,"(542, 8)",5606100530B6,Xiaomi Mi A2 / Mi 6X (2018) LCD BLACK,100+,31,0,0,3-5 Days,NEW MODEL
apex,APEX.csv,APEX.xlsx,"(542, 8)",5604100430B6,Xiaomi Mi A2 / Mi 6X (2018) LCD WHITE,75,31,0,0,3-5 Days,NEW MODEL
apex,APEX.csv,APEX.xlsx,"(542, 8)",5606101260B6,Xiaomi Mi A3 (2019) BLACK LCD,100+,56,0,0,,
apex,APEX.csv,APEX.xlsx,"(542, 8)",5610100380B6,Xiaomi Mi A3 (2019) BLUE LCD,31,55,0,0,,
apex,APEX.csv,APEX.xlsx,"(542, 8)",5603100090B6,Xiaomi Mi A3 (2019) WHITE/SILVER LCD,100+,51,0,0,,
apex,APEX.csv,APEX.xlsx,"(542, 8)",56000100F400,Xiaomi Mi Note 10 / Note 10 Pro (2019) GREEN LCD,100+,70,0,0,3-5 Days,NEW MODEL
apex,APEX.csv,APEX.xlsx,"(542, 8)",56000300F400,Xiaomi Mi Note 10 / Note 10 Pro (2019) TARNISH LCD,100+,95,0,0,,
apex,APEX.csv,APEX.xlsx,"(542, 8)",56000200F400,Xiaomi Mi Note 10 / Note 10 Pro (2019) WHITE/SILVER LCD,100+,70,0,0,3-5 Days,NEW MODEL
apex,APEX.csv,APEX.xlsx,"(542, 8)",560004K11A00,Xiaomi Poco F3 (2021) BLUE LCD,100+,65,0,0,,
apex,APEX.csv,APEX.xlsx,"(542, 8)",560005K11A00,Xiaomi Poco F3 (2021) WHITE LCD,100+,66,0,0,,
apex,APEX.csv,APEX.xlsx,"(542, 8)",56000HL11R00,Xiaomi Poco F4 (2022) BLACK LCD,100+,78,0,0,,
apex,APEX.csv,APEX.xlsx,"(542, 8)",56000JL11R00,Xiaomi Poco F4 (2022) GREEN LCD,100+,78,0,0,,
apex,APEX.csv,APEX.xlsx,"(542, 8)",56000KL11R00,Xiaomi Poco F4 (2022) SILVER LCD,100+,78,0,0,,
apex,APEX.csv,APEX.xlsx,"(542, 8)",5600090L1000,Xiaomi Poco F4 GT 5G (2022) BLACK LCD,42,104,0,0,,
apex,APEX.csv,APEX.xlsx,"(542, 8)",560002J19C00,Xiaomi Poco M3 (2020) BLACK LCD,100+,30,0,0,,
apex,APEX.csv,APEX.xlsx,"(542, 8)",560002K19P00,Xiaomi Poco M3 Pro 5G (2021) BLACK/TARNISH LCD,100+,33,0,0,,
apex,APEX.csv,APEX.xlsx,"(542, 8)",560005L19P00,Xiaomi Poco M4 5G (2022) BLACK/TARNISH LCD,100+,33,0,0,,
apex,APEX.csv,APEX.xlsx,"(542, 8)",5600010K7P00,Xiaomi Poco M4 Pro (4G) (2022) BLACK/TARNISH LCD,100+,54,0,0,,
apex,APEX.csv,APEX.xlsx,"(542, 8)",560001K16A00,Xiaomi Poco M4 Pro 5G (2022) BLACK/TARNISH LCD,100+,35,0,0,,
apex,APEX.csv,APEX.xlsx,"(542, 8)",560001L19C00,Xiaomi Poco M5 (4G) (2022) BLACK LCD,16,40,0,0,,
apex,APEX.csv,APEX.xlsx,"(542, 8)",560003J20C00,Xiaomi Poco X3 / X3 NFC (2020) TARNISH LCD,100+,39,0,0,,
apex,APEX.csv,APEX.xlsx,"(542, 8)",560003K10A00,Xiaomi Poco X3 GT (2021) BLACK LCD,96,40,0,0,,
apex,APEX.csv,APEX.xlsx,"(542, 8)",560002J20S00,Xiaomi Poco X3 Pro (2021) BLACK  /  TARNISH LCD,100+,44,0,0,,
apex,APEX.csv,APEX.xlsx,"(542, 8)",560003J20S00,Xiaomi Poco X3 Pro (2021) BLUE LCD,100+,44,0,0,,
apex,APEX.csv,APEX.xlsx,"(542, 8)",560004J20S00,Xiaomi Poco X3 Pro (2021) GOLD LCD,100+,44,0,0,,
apex,APEX.csv,APEX.xlsx,"(542, 8)",5600010L1600,Xiaomi Poco X4 GT 5G (2022) BLACK LCD,43,45,0,0,,
apex,APEX.csv,APEX.xlsx,"(542, 8)",560002K19A00,Xiaomi Redmi 10 (2021) BLACK / TARNISH,100+,37,0,0,,
apex,APEX.csv,APEX.xlsx,"(542, 8)",560001K19S00,Xiaomi Redmi 10 (2022) BLACK / TARNISH,100+,38,0,0,,
apex,APEX.csv,APEX.xlsx,"(542, 8)",560001C3L200,Xiaomi Redmi 10A (2022) BLACK LCD,100+,27,0,0,,
apex,APEX.csv,APEX.xlsx,"(542, 8)",560001C3QA00,Xiaomi Redmi 10C (2022) BLACK LCD,100+,31,0,0,,
apex,APEX.csv,APEX.xlsx,"(542, 8)",560610115033/560610096033,Xiaomi Redmi 7 (2019) BLACK LCD,100+,25,0,0,3-5 Days,NEW MODEL
apex,APEX.csv,APEX.xlsx,"(542, 8)",561010028033/561010017033/5600050F6L00,Xiaomi Redmi 7 (2019) BLUE LCD,100+,24,0,0,3-5 Days,NEW MODEL
apex,APEX.csv,APEX.xlsx,"(542, 8)",560610122000,Xiaomi Redmi 7A (2019) BLACK LCD,100+,25,0,0,,
apex,APEX.csv,APEX.xlsx,"(542, 8)",5600040C3I00,Xiaomi Redmi 8 (2019) BLACK LCD,100+,23,0,0,,
apex,APEX.csv,APEX.xlsx,"(542, 8)",5600030C3K00/560002C3K300,Xiaomi Redmi 8A / 8A Pro (2019) BLACK LCD,100+,23,0,0,,
apex,APEX.csv,APEX.xlsx,"(542, 8)",5600070C3L00,Xiaomi Redmi 9A / 9C (2020) BLACK LCD,100+,27,0,0,,
apex,APEX.csv,APEX.xlsx,"(542, 8)",560001C3LV00,Xiaomi Redmi 9AT (2020) BLACK LCD,100+,26,0,0,,
apex,APEX.csv,APEX.xlsx,"(542, 8)",560001J19S00,Xiaomi Redmi 9T (2020) BLACK LCD,100+,27.5,0,0,,
apex,APEX.csv,APEX.xlsx,"(542, 8)",5600010C3S00,Xiaomi Redmi A1/A1+ (4G) (2022) BLACK LCD,92,25,0,0,,
apex,APEX.csv,APEX.xlsx,"(542, 8)",56000200K600,Xiaomi Redmi Note 10 Pro (4G) (2021) BLACK / TARNISH LCD,100+,56,0,0,,
apex,APEX.csv,APEX.xlsx,"(542, 8)",5600020K7B00/560002K7BN00,Xiaomi Redmi Note 10S (4G) / Note 10 (4G) (2021) BLACK/TARNISH LCD,100+,40,0,0,,
apex,APEX.csv,APEX.xlsx,"(542, 8)",5600010K7T00,Xiaomi Redmi Note 11 NFC / Note 11 (4G) (2022) BLACK LCD,100+,59,0,0,,
apex,APEX.csv,APEX.xlsx,"(542, 8)",5600010K6S00,Xiaomi Redmi Note 11 Pro (4G) / Pro 5G (2022) BLACK LCD,100+,58,0,0,,
apex,APEX.csv,APEX.xlsx,"(542, 8)",560001K16B00,Xiaomi Redmi Note 11S 5G (2022) BLACK LCD,100+,45,0,0,,
apex,APEX.csv,APEX.xlsx,"(542, 8)",5600010K7S00,Xiaomi Redmi Note 11S NFC / Note 11S (4G) (2022) BLACK LCD,100+,58,0,0,,
apex,APEX.csv,APEX.xlsx,"(542, 8)",560610027033,Xiaomi Redmi Note 5 (2018) BLACK LCD,61,24,0,0,3-5 Days,NEW MODEL
apex,APEX.csv,APEX.xlsx,"(542, 8)",5606100920C7/560610100033,Xiaomi Redmi Note 7/ Note 7 Pro (2019) BLACK LCD,100+,33,0,0,,
apex,APEX.csv,APEX.xlsx,"(542, 8)",5610100140C7/561010020033/561010034033,Xiaomi Redmi Note 7/ Note 7 Pro (2019) BLUE/VIOLET LCD,100+,33,0,0,3-5 Days,NEW MODEL
apex,APEX.csv,APEX.xlsx,"(542, 8)",5609100030C7/560910008033,Xiaomi Redmi Note 7/ Note 7 Pro (2019) RED LCD,100+,31,0,0,,
apex,APEX.csv,APEX.xlsx,"(542, 8)",560460002033,Xiaomi Redmi Note 7/ Note 7 Pro (2019) WHITE LCD,100+,33,0,0,3-5 Days,NEW MODEL
apex,APEX.csv,APEX.xlsx,"(542, 8)",5600050C3J00,Xiaomi Redmi Note 8 (2019/2021) BLACK LCD,100+,32,0,0,3-5 Days,NEW MODEL
apex,APEX.csv,APEX.xlsx,"(542, 8)",5600030C3J00,Xiaomi Redmi Note 8 (2019/2021) BLUE LCD,100+,32,0,0,,
apex,APEX.csv,APEX.xlsx,"(542, 8)",5600040C3J00,Xiaomi Redmi Note 8 (2019/2021) WHITE LCD,100+,32,0,0,,
apex,APEX.csv,APEX.xlsx,"(542, 8)",56000G00G700,Xiaomi Redmi Note 8 pro (2019) BLUE LCD,100+,44,0,0,,
apex,APEX.csv,APEX.xlsx,"(542, 8)",56000400G700/56000C00G700,Xiaomi Redmi Note 8 pro (2019) GREEN LCD,100+,43,0,0,,
apex,APEX.csv,APEX.xlsx,"(542, 8)",56000500G700,Xiaomi Redmi Note 8 pro (2019) TARNISH LCD,100+,44.5,0,0,,
apex,APEX.csv,APEX.xlsx,"(542, 8)",56000300G700/56000B00G700,Xiaomi Redmi Note 8 pro (2019) WHITE LCD,54,45,0,0,,
apex,APEX.csv,APEX.xlsx,"(542, 8)",5600030C3X00,Xiaomi Redmi Note 8T (2019) BLUE LCD,100+,35,0,0,,
apex,APEX.csv,APEX.xlsx,"(542, 8)",5600040C3X00,Xiaomi Redmi Note 8T (2019) TARNISH LCD,100+,42,0,0,,
apex,APEX.csv,APEX.xlsx,"(542, 8)",5600020C3X00,Xiaomi Redmi Note 8T (2019) WHITE LCD,100+,35,0,0,,
apex,APEX.csv,APEX.xlsx,"(542, 8)",560003J15S00,Xiaomi Redmi Note 9 (4G) / Redmi 10X 4G (2020) MIDNIGHT GRAY LCD,31,35,0,0,,
apex,APEX.csv,APEX.xlsx,"(542, 8)",560005J6B200,Xiaomi Redmi Note 9 pro (2020) BLUE LCD,100+,40,0,0,,
apex,APEX.csv,APEX.xlsx,"(542, 8)",560004J6B200,Xiaomi Redmi Note 9 Pro (2020) GREEN LCD,100+,42,0,0,,
apex,APEX.csv,APEX.xlsx,"(542, 8)",560003J6B200,Xiaomi Redmi Note 9 pro (2020) TARNISH/ INTERSTELLAR GRAY LCD,100+,41,0,0,,
apex,APEX.csv,APEX.xlsx,"(542, 8)",560002J6B200,Xiaomi Redmi Note 9 Pro (2020) WHITE LCD,100+,42,0,0,,
apex,APEX.csv,APEX.xlsx,"(542, 8)",560003J6A100,Xiaomi Redmi Note 9S (2020) AURORA BLUE LCD,100+,43,0,0,,
apex,APEX.csv,APEX.xlsx,"(542, 8)",560004J6A100,Xiaomi Redmi Note 9S (2020) TARNISH / INTERSTELLAR GRAY LCD,100+,43,0,0,,
apex,APEX.csv,APEX.xlsx,"(542, 8)",5600030J2200,Xiaomi Redmi Note 9T (2021) BLACK LCD,12,36,0,0,,
apex,APEX.csv,APEX.xlsx,"(542, 8)",560002J6A100,HUAWEI,49,41,,,,
apex,APEX.csv,APEX.xlsx,"(542, 8)",02351XBM,Huawei Honor 10 (2018) BLACK LCD,100+,31,0,0,,
apex,APEX.csv,APEX.xlsx,"(542, 8)",02352TMU/02352SMP,Huawei Honor 20 / Nova 5T (2019) BLACK LCD,100+,47,0,0,,
apex,APEX.csv,APEX.xlsx,"(542, 8)",02352TNQ/02352SMQ,Huawei Honor 20 / Nova 5T (2019) BLUE LCD,100+,43,0,0,,
apex,APEX.csv,APEX.xlsx,"(542, 8)",02353EBH,Huawei Honor 20 / Nova 5T (2019) PURPLE LCD,100+,43,0,0,,
apex,APEX.csv,APEX.xlsx,"(542, 8)",02352QMT,Huawei Honor 20 Lite (2019) BLACK LCD,33,45,0,0,,
apex,APEX.csv,APEX.xlsx,"(542, 8)",02352VKL,Huawei Honor 20 Pro (2019) GREEN LCD,100+,40,0,0,,
apex,APEX.csv,APEX.xlsx,"(542, 8)",02352VKJ,Huawei Honor 20 Pro (2019) PURPLE LCD,100+,40,0,0,,
apex,APEX.csv,APEX.xlsx,"(542, 8)",02352VKN,Huawei Honor 20 Pro (2019) WHITE / SILVER LCD,100+,40,0,0,,
apex,APEX.csv,APEX.xlsx,"(542, 8)",02351WDU,Huawei Honor 7A (2018) BLACK LCD,14,20,0,0,,
apex,APEX.csv,APEX.xlsx,"(542, 8)",02351WER,Huawei Honor 7A (2018) WHITE LCD,67,20,0,0,,
apex,APEX.csv,APEX.xlsx,"(542, 8)",02351XHS,Huawei Honor 7S (2018) BLACK LCD,9,25,0,0,10 Days,NEW MODEL
apex,APEX.csv,APEX.xlsx,"(542, 8)",02351XHT,Huawei Honor 7S (2018) WHITE LCD,51,22,0,0,10 Days,NEW MODEL
apex,APEX.csv,APEX.xlsx,"(542, 8)",02352DWX,Huawei Honor 8X (2018) BLACK LCD,100+,30,0,0,,
apex,APEX.csv,APEX.xlsx,"(542, 8)",02352EAQ,Huawei Honor 8X (2018) BLUE LCD,100+,30,0,0,,
apex,APEX.csv,APEX.xlsx,"(542, 8)",02351LCD,Huawei Honor 9 (2017) SILVER LCD,13,32,0,0,,
apex,APEX.csv,APEX.xlsx,"(542, 8)",02353QJJ,Huawei Honor 9X Lite (2020) BLACK LCD,100+,26,0,0,,
apex,APEX.csv,APEX.xlsx,"(542, 8)",02353QJT,Huawei Honor 9X Lite (2020) GREEN LCD,100+,25,0,0,,
apex,APEX.csv,APEX.xlsx,"(542, 8)",02352JKR,Huawei Honor View 20 (2018) RED LCD,14,33,0,0,,
apex,APEX.csv,APEX.xlsx,"(542, 8)",02351QEY/02351QXU/02351QXT/02351QUH,Huawei Mate 10 Lite (2017) GOLD/WHITE LCD,97,20,0,0,,
apex,APEX.csv,APEX.xlsx,"(542, 8)",02352ETG,Huawei Mate 20 (2018) BLACK LCD,100+,40,0,0,,
apex,APEX.csv,APEX.xlsx,"(542, 8)",02352FQM,Huawei Mate 20 (2018) BLUE LCD,100+,45,0,0,,
apex,APEX.csv,APEX.xlsx,"(542, 8)",02352FRA,Huawei Mate 20 (2018) TWILIGHT/PURPLE LCD,100+,44,0,0,,
apex,APEX.csv,APEX.xlsx,"(542, 8)",02352DKM/02352GTT,Huawei Mate 20 Lite (2018) BLUE LCD,16,45,0,0,,
apex,APEX.csv,APEX.xlsx,"(542, 8)",02352DKN/02352GTV,Huawei Mate 20 Lite (2018) PLATINUM GOLD LCD,100+,33,0,0,,
apex,APEX.csv,APEX.xlsx,"(542, 8)",02352GFX,Huawei Mate 20 Pro (2018) BLUE LCD,92,84,0,0,,
apex,APEX.csv,APEX.xlsx,"(542, 8)",02352GGC,Huawei Mate 20 Pro (2018) TWILIGHT/PURPLE LCD,100+,68,0,0,,
apex,APEX.csv,APEX.xlsx,"(542, 8)",02351SVJ/02351SVK/02351SVD,Huawei P Smart (2017) BLACK LCD,100+,26.5,0,0,,
apex,APEX.csv,APEX.xlsx,"(542, 8)",02351SVE/02351SVL,Huawei P Smart (2017) WHITE LCD,100+,25,0,0,,
apex,APEX.csv,APEX.xlsx,"(542, 8)",02352HTF/02352HPR/02352JEY/02352JFA,Huawei P Smart (2019) BLACK LCD,100+,41,0,0,,
apex,APEX.csv,APEX.xlsx,"(542, 8)",02352BUE,Huawei P Smart Plus (Nova 3i 2018) BLACK LCD,100+,47,0,0,,
apex,APEX.csv,APEX.xlsx,"(542, 8)",02352BUH,Huawei P Smart Plus (Nova 3i 2018) BLUE/PURPLE LCD,43,39,0,0,,
apex,APEX.csv,APEX.xlsx,"(542, 8)",02352BUK,Huawei P Smart Plus (Nova 3i 2018) WHITE LCD,70,36,0,0,,
apex,APEX.csv,APEX.xlsx,"(542, 8)",02353PNT,Huawei P Smart S / Y8p (2020) BLACK LCD,60,47,0,0,,
apex,APEX.csv,APEX.xlsx,"(542, 8)",02353PNU,Huawei P Smart S / Y8p (2020) BREATHING CRYSTAL LCD,78,47,0,0,,
apex,APEX.csv,APEX.xlsx,"(542, 8)",02352RRF,Huawei P Smart Z (2019) BLACK LCD,100+,52,0,0,,
apex,APEX.csv,APEX.xlsx,"(542, 8)",02352RXU,Huawei P Smart Z (2019) BLUE LCD,100+,52,0,0,,
apex,APEX.csv,APEX.xlsx,"(542, 8)",02351DGP,Huawei P10 (2017) BLACK LCD,22,32,0,0,,
apex,APEX.csv,APEX.xlsx,"(542, 8)",02351DJF/02351DGF,Huawei P10 (2017) GOLD LCD,41,32,0,0,,
apex,APEX.csv,APEX.xlsx,"(542, 8)",02351FSE/02351FSG,Huawei P10 Lite (2017) MIDNIGHT BLACK LCD,52,25,0,0,3-5 Days,NEW MODEL
apex,APEX.csv,APEX.xlsx,"(542, 8)",02351FSB/02351FSC,Huawei P10 Lite (2017) PEARL WHITE LCD,2,25,0,0,3-5 Days,NEW MODEL
apex,APEX.csv,APEX.xlsx,"(542, 8)",02351WKF,Huawei P20 (2018) BLACK LCD,100+,37,0,0,,
apex,APEX.csv,APEX.xlsx,"(542, 8)",02352CCL/02351VUW/02351XUB,Huawei P20 Lite (2018) SAKURA PINK LCD,100+,31,0,0,,
apex,APEX.csv,APEX.xlsx,"(542, 8)",02352NLL,Huawei P30 (2019) BLACK LCD,100+,51,0,0,,
apex,APEX.csv,APEX.xlsx,"(542, 8)",02352NLN,Huawei P30 (2019) BLUE LCD,100+,51,0,0,,
apex,APEX.csv,APEX.xlsx,"(542, 8)",02352NLP,Huawei P30 (2019) BREATHING CRYSTAL LCD,100+,57,0,0,,
apex,APEX.csv,APEX.xlsx,"(542, 8)",02354HLT,Huawei P30 (2019) New Code BLACK LCD,100+,44,0,0,,
apex,APEX.csv,APEX.xlsx,"(542, 8)",02354HRH,Huawei P30 (2019) New Code BLUE LCD,100+,44,0,0,,
apex,APEX.csv,APEX.xlsx,"(542, 8)",02354HMF,Huawei P30 (2019) New Code BREATHING CRYSTAL LCD,100+,44,0,0,,
apex,APEX.csv,APEX.xlsx,"(542, 8)",02352RPW,Huawei P30 Lite (2019) BLACK MIDNIGHT LCD,100+,37,0,0,,
apex,APEX.csv,APEX.xlsx,"(542, 8)",02352RQA,Huawei P30 Lite (2019) BLUE PEACOCK LCD,100+,33,0,0,,
apex,APEX.csv,APEX.xlsx,"(542, 8)",02352VBG,Huawei P30 Lite (2019) BREATHING CRYSTAL LCD,100+,30,0,0,,
apex,APEX.csv,APEX.xlsx,"(542, 8)",02352RQC,Huawei P30 Lite (2019) WHITE LCD,100+,35,0,0,,
apex,APEX.csv,APEX.xlsx,"(542, 8)",02352PJM,Huawei P30 Lite Global Version (2020) BLACK MIDNIGHT LCD,100+,27,0,0,,
apex,APEX.csv,APEX.xlsx,"(542, 8)",02352PJP,Huawei P30 Lite Global Version (2020) BLUE LCD,100+,27,0,0,,
apex,APEX.csv,APEX.xlsx,"(542, 8)",02352PJN,Huawei P30 Lite Global Version (2020) PEARL WHITE LCD,100+,26,0,0,,
apex,APEX.csv,APEX.xlsx,"(542, 8)",02353FQE/02353DQS,Huawei P30 Lite New Edition (2020) BLUE LCD,100+,25,0,0,,
apex,APEX.csv,APEX.xlsx,"(542, 8)",02353FQK,Huawei P30 Lite New Edition (2020) BREATHING CRYSTAL LCD,100+,28,0,0,,
apex,APEX.csv,APEX.xlsx,"(542, 8)",02353FPX/02353DQU,Huawei P30 Lite New Edition (2020) MIDNIGHT BLACK LCD,100+,26,0,0,,
apex,APEX.csv,APEX.xlsx,"(542, 8)",02353FQB,Huawei P30 Lite New Edition (2020) PEARL WHITE LCD,100+,29,0,0,,
apex,APEX.csv,APEX.xlsx,"(542, 8)",02353KFV,Huawei P40 Lite (2020) BREATHING CRYSTAL LCD,100+,27,0,0,,
apex,APEX.csv,APEX.xlsx,"(542, 8)",02353KGA,Huawei P40 Lite (2020) GREEN LCD,100+,27,0,0,,
apex,APEX.csv,APEX.xlsx,"(542, 8)",02353KFU,Huawei P40 Lite (2020) MIDNIGHT BLACK LCD,100+,28,0,0,,
apex,APEX.csv,APEX.xlsx,"(542, 8)",02353SUQ,Huawei P40 Lite 5G (2020) Space SILVER LCD,58,28,0,0,,
apex,APEX.csv,APEX.xlsx,"(542, 8)",02353FMW,Huawei P40 Lite E (2020) BLACK LCD,100+,25,0,0,,
apex,APEX.csv,APEX.xlsx,"(542, 8)",02353FMX,Huawei P40 Lite E (2020) LCD BLUE,100+,25,0,0,,
apex,APEX.csv,APEX.xlsx,"(542, 8)",02351VBV/02351EXQ/02351EXP/02351MPN/02351EUV,Huawei P8 Lite (2017) LCD BLUE,4,17,0,0,,
apex,APEX.csv,APEX.xlsx,"(542, 8)",02352QNW,Huawei Y5 (2019) BLACK LCD,100+,23,0,0,,
apex,APEX.csv,APEX.xlsx,"(542, 8)",02352CQV/02351XHU,Huawei Y5 / Y5 Prime (2018) BLACK LCD,100+,20,0,0,,
apex,APEX.csv,APEX.xlsx,"(542, 8)",02353RJP,Huawei Y5p (2020) BLACK LCD,100+,18,0,0,,
apex,APEX.csv,APEX.xlsx,"(542, 8)",02351WLJ,Huawei Y6 (2018) BLACK LCD,100+,17,0,0,,
apex,APEX.csv,APEX.xlsx,"(542, 8)",02351WLK,Huawei Y6 (2018) WHITE LCD,100+,16,0,0,,
apex,APEX.csv,APEX.xlsx,"(542, 8)",02352LVM/02352LVN/02352LVH,Huawei Y6 (2019) BLACK LCD,100+,22,0,0,,
apex,APEX.csv,APEX.xlsx,"(542, 8)",02353LKV,Huawei Y6p // HONOR 9A (2020) BLACK LCD,100+,18,0,0,,
apex,APEX.csv,APEX.xlsx,"(542, 8)",02353JJW,Huawei Y6S (2020) BLACK LCD,100+,33,0,0,,
apex,APEX.csv,APEX.xlsx,"(542, 8)",,HUAWEI BATTERY COVER ,,,,,,
apex,APEX.csv,APEX.xlsx,"(542, 8)",02351XPJ,BATTERY COVER Honor 10 (2018) BLUE,64,7,0,0,,
apex,APEX.csv,APEX.xlsx,"(542, 8)",02351XNY,BATTERY COVER Honor 10 (2018) GRAY,86,7,0,0,,
apex,APEX.csv,APEX.xlsx,"(542, 8)",02353EFP,BATTERY COVER Huawei Honor 20 / Nova 5T (2019) BLUE,100+,6,0,0,,
apex,APEX.csv,APEX.xlsx,"(542, 8)",02353EBK,BATTERY COVER Huawei Honor 20 / Nova 5T (2019) PURPLE,100+,6,0,0,,
apex,APEX.csv,APEX.xlsx,"(542, 8)",02352TXL,BATTERY COVER Huawei Honor 20 / Nova 5T (2019) SAPPHIRE BLUE,100+,5,0,0,,
apex,APEX.csv,APEX.xlsx,"(542, 8)",02352QNT/02352QNB,BATTERY COVER Huawei Honor 20 Lite (2019) BLUE,100+,6,0,0,,
apex,APEX.csv,APEX.xlsx,"(542, 8)",02352VKU,BATTERY COVER Huawei Honor 20 Pro (2019) BLACK,68,9,0,0,,
apex,APEX.csv,APEX.xlsx,"(542, 8)",02352VKV,BATTERY COVER Huawei Honor 20 Pro (2019) BLUE,74,9,0,0,,
apex,APEX.csv,APEX.xlsx,"(542, 8)",02353QER,BATTERY COVER Huawei Honor 20e (2020) BLUE,100+,8,0,0,,
apex,APEX.csv,APEX.xlsx,"(542, 8)",02351LGH,BATTERY COVER Huawei Honor 9 (2017) BLACK,22,5,0,0,,
apex,APEX.csv,APEX.xlsx,"(542, 8)",02352LNV,BATTERY COVER Huawei Honor View 20 (2018) Phantom BLUE,5,12,0,0,,
apex,APEX.csv,APEX.xlsx,"(542, 8)",02352DKP,BATTERY COVER Huawei Mate 20 Lite (2018) BLACK,100+,5,0,0,,
apex,APEX.csv,APEX.xlsx,"(542, 8)",02352GCH,BATTERY COVER Huawei Mate 20 Pro (2018) BLUE,100+,12,0,0,,
apex,APEX.csv,APEX.xlsx,"(542, 8)",02352GDG/02352GVJ,BATTERY COVER Huawei Mate 20 Pro (2018) TWILIGHT,90,12,0,0,,
apex,APEX.csv,APEX.xlsx,"(542, 8)",02351TED,BATTERY COVER Huawei P Smart (2017) BLUE,49,5,0,0,,
apex,APEX.csv,APEX.xlsx,"(542, 8)",02352HTS,BATTERY COVER Huawei P Smart (2019) BLACK,100+,6,0,0,,
apex,APEX.csv,APEX.xlsx,"(542, 8)",02352CAH,BATTERY COVER Huawei P Smart Plus (Nova 3i 2018) BLACK,49,6,0,0,,
apex,APEX.csv,APEX.xlsx,"(542, 8)",02352CAK,BATTERY COVER Huawei P Smart Plus (Nova 3i 2018) BLUE/PURPLE,73,6,0,0,,
apex,APEX.csv,APEX.xlsx,"(542, 8)",02352CAQ,BATTERY COVER Huawei P Smart Plus (Nova 3i 2018) WHITE,9,6,0,0,,
apex,APEX.csv,APEX.xlsx,"(542, 8)",02351WKW,BATTERY COVER Huawei P20 (2018) PINK,44,5,0,0,,
apex,APEX.csv,APEX.xlsx,"(542, 8)",02352BMM/02352BMP/02352DUR,BATTERY COVER Huawei P20 (2018) TWILIGHT,37,8,0,0,,
apex,APEX.csv,APEX.xlsx,"(542, 8)",02351VPT/02351VNT,BATTERY COVER Huawei P20 Lite (2018) BLACK,100+,4,0,0,,
apex,APEX.csv,APEX.xlsx,"(542, 8)",02351VTW/02351VQY,BATTERY COVER Huawei P20 Lite (2018) PINK,59,4,0,0,,
apex,APEX.csv,APEX.xlsx,"(542, 8)",02351WTG,BATTERY COVER Huawei P20 Lite (2018) PLATINIOM GOLD,55,4,0,0,,
apex,APEX.csv,APEX.xlsx,"(542, 8)",02351WRT,BATTERY COVER Huawei P20 Pro (2018) BLUE,47,15,0,0,,
apex,APEX.csv,APEX.xlsx,"(542, 8)",02352NMN/02352NMF,BATTERY COVER Huawei P30 (2019) AURORA BLUE,13,13,0,0,,
apex,APEX.csv,APEX.xlsx,"(542, 8)",02352PMK,BATTERY COVER Huawei P30 Lite (2020) PEACOCK BLUE,72,8,0,0,,
apex,APEX.csv,APEX.xlsx,"(542, 8)",02352PNR,BATTERY COVER Huawei P30 Lite New Edition (2020) BLUE,29,9,0,0,,
apex,APEX.csv,APEX.xlsx,"(542, 8)",02352PGM/02352PGQ,BATTERY COVER Huawei P30 Pro (2019) BREATHING CRYSTAL,100+,14,0,0,,
apex,APEX.csv,APEX.xlsx,"(542, 8)",02353MGD,BATTERY COVER Huawei P40 (2020) GOLD,55,15,0,0,,
apex,APEX.csv,APEX.xlsx,"(542, 8)",02353MGE,BATTERY COVER Huawei P40 (2020) WHITE,53,15,0,0,,
apex,APEX.csv,APEX.xlsx,"(542, 8)",02353MVF,BATTERY COVER Huawei P40 Lite (2020) Crush GREEN,100+,5,0,0,,
apex,APEX.csv,APEX.xlsx,"(542, 8)",02353LJF,BATTERY COVER Huawei P40 Lite E (2020) AURORA BLUE,89,5,0,0,,
apex,APEX.csv,APEX.xlsx,"(542, 8)",02353MNA,BATTERY COVER Huawei P40 Pro (2020) SILVER,36,15,0,0,,
